/*/SQL model*/
INSERT INTO ATLETA VALUES (12,'JoaoZ',20102,'M',TO_DATE('13-AGO-66','DD-MM-YY'),'1,9',80);

/*Por questões de simplificação, os valores inseridos correspondem a simplificações e dados da olímpiada de 2016*/
INSERT INTO ATLETA VALUES (001,'Joao',12011020102,'M','06-JUL-1990','1,90',80);
INSERT INTO ATLETA VALUES (002,'Lee',17390010102,'F','06-AGO-1996','1,70',60);
INSERT INTO ATLETA VALUES (003,'Ana',12011021532,'F','01-SET-1994','1,70',50);
INSERT INTO ATLETA VALUES (004,'Carla',19911021532,'F','07-DEZ-1992','1,60',55);

INSERT INTO ARBITRO VALUES (004,'Marta',11110000102,'F','26-JAN-1980');
INSERT INTO ARBITRO VALUES (005,'Luis',12999999902,'M','30-MAR-1970');
INSERT INTO ARBITRO VALUES (006,'Luiza',12888820102,'F','16-SET-1979');

INSERT INTO PAIS VALUES('Brasil',NULL,'América do Sul',NULL);
INSERT INTO PAIS VALUES('Canadá',NULL,'América do Norte',NULL);
INSERT INTO PAIS VALUES('Espanha',NULL,'Europa',NULL);

INSERT INTO LOCAL VALUES ('Maracanã','Brasil,Rio de Janeiro (RJ),Rio de Janeiro,Rua Professor Eurico Rabelo',78838);
INSERT INTO LOCAL VALUES ('Parque Olímpico da Barra','Brasil,Rio de Janeiro (RJ),Rio de Janeiro,Avenida Embaixador Abelardo Bueno',3000);
INSERT INTO LOCAL VALUES ('Estádio Mané Garrincha','Brasil,Distrito Federal (DF),Brasília,SRPN - Asa Norte',72788);

INSERT INTO ESPORTE VALUES ('Natação','Tempo');
INSERT INTO ESPORTE VALUES ('Atletismo','Diversos');
INSERT INTO ESPORTE VALUES ('Futebol','Gols');

INSERT INTO MODALIDADE VALUES ('Natação','Natação Pura','200m Borboleta - Fem',1,'MENOR',NULL,NULL,NULL,NULL);
INSERT INTO MODALIDADE VALUES ('Natação','Natação Pura','200m Peito - Masc',1,'MENOR',NULL,NULL,NULL,NULL);
INSERT INTO MODALIDADE VALUES ('Futebol','Masculino','Campo',1,'MAIOR',NULL,NULL,NULL,NULL);

INSERT INTO ATLETA_TEM_NACIONALIDADE VALUES(001,'Brasil','1');
INSERT INTO ATLETA_TEM_NACIONALIDADE VALUES(002,'Brasil','1');
INSERT INTO ATLETA_TEM_NACIONALIDADE VALUES(003,'Espanha','1');
INSERT INTO ATLETA_TEM_NACIONALIDADE VALUES(004,'Espanha','1');

INSERT INTO ARBITRO_TEM_NACIONALIDADE VALUES(004,'Canadá',NULL);
INSERT INTO ARBITRO_TEM_NACIONALIDADE VALUES(005,'Espanha',NULL);
INSERT INTO ARBITRO_TEM_NACIONALIDADE VALUES(006,'Canadá',NULL);

INSERT INTO ESTA_HABILITADO_PARA_ARBITRAR VALUES ('Futebol',004);
INSERT INTO ESTA_HABILITADO_PARA_ARBITRAR VALUES ('Futebol',005);
INSERT INTO ESTA_HABILITADO_PARA_ARBITRAR VALUES ('Natação',006);

INSERT INTO SUPORTA VALUES ('Estádio Mané Garrincha','Futebol');
INSERT INTO SUPORTA VALUES ('Maracanã','Futebol');
INSERT INTO SUPORTA VALUES ('Parque Olímpico da Barra','Natação');

INSERT INTO EQUIPE VALUES (001,'Natação Pura','200m Borboleta - Fem','Natação','Brasil');
INSERT INTO EQUIPE VALUES (002,'Natação Pura','200m Peito - Masc','Natação','Brasil');
INSERT INTO EQUIPE VALUES (003,'Natação Pura','200m Borboleta - Fem','Natação','Brasil');
INSERT INTO EQUIPE VALUES (004,'Natação Pura','200m Borboleta - Fem','Natação','Brasil');

INSERT INTO PARTICIPA VALUES (001,002);
INSERT INTO PARTICIPA VALUES (002,001);
INSERT INTO PARTICIPA VALUES (003,003);
INSERT INTO PARTICIPA VALUES (004,004);

INSERT INTO COMPETICAO VALUES (001,TO_DATE('06-10-2016 16:30:00', 'DD-MM-YYYY HH24:MI:SS'),1,NULL,'Parque Olímpico da Barra');
INSERT INTO COMPETICAO VALUES (002,TO_DATE('06-10-2016 16:30:00', 'DD-MM-YYYY HH24:MI:SS'),1,NULL,'Parque Olímpico da Barra');
INSERT INTO COMPETICAO VALUES (003,TO_DATE('06-10-2016 16:30:00', 'DD-MM-YYYY HH24:MI:SS'),1,NULL,'Parque Olímpico da Barra');
INSERT INTO COMPETICAO VALUES (004,TO_DATE('06-10-2016 16:30:00', 'DD-MM-YYYY HH24:MI:SS'),1,NULL,'Parque Olímpico da Barra');

INSERT INTO JOGA VALUES (001,001,10,'V');
INSERT INTO JOGA VALUES (003,001,10,'P');
INSERT INTO JOGA VALUES (004,001,10,'P');

INSERT INTO JOGA VALUES (001,002,10,'P');
INSERT INTO JOGA VALUES (003,002,10,'V');
INSERT INTO JOGA VALUES (004,002,10,'P');

INSERT INTO JOGA VALUES (001,003,10,'V');
INSERT INTO JOGA VALUES (003,003,10,'P');

INSERT INTO JOGA VALUES (001,004,10,'V');

INSERT INTO ARBITRA VALUES (001,006,NULL);
INSERT INTO ARBITRA VALUES (002,006,NULL);
INSERT INTO ARBITRA VALUES (003,006,NULL);
INSERT INTO ARBITRA VALUES (004,006,NULL);

INSERT INTO LEVA_A VALUES (001,002,NULL,NULL);
INSERT INTO LEVA_A VALUES (002,003,NULL,NULL);
INSERT INTO LEVA_A VALUES (003,004,NULL,NULL);
